Week #,Starting Date,Total Value,Num Datapoints,Average Value,Average Value /7
1,1/3/2010,0.8510729878,7,0.1215818554,0.1215818554
2,1/10/2010,0.872980667,7,0.1247115239,0.1247115239
3,1/17/2010,-0.01378554913,7,-0.001969364162,-0.001969364162
4,1/24/2010,0.4559069666,7,0.06512956666,0.06512956666
5,1/31/2010,0.6218669712,7,0.08883813874,0.08883813874
6,2/7/2010,1.046185618,7,0.1494550883,0.1494550883
7,2/14/2010,3.038776311,7,0.4341109015,0.4341109015
8,2/21/2010,1.480383265,7,0.2114833235,0.2114833235
9,2/28/2010,1.30138209,7,0.1859117271,0.1859117271
10,3/7/2010,2.038996978,7,0.2912852825,0.2912852825
11,3/14/2010,3.118523891,7,0.4455034131,0.4455034131
12,3/21/2010,2.537960018,7,0.3625657169,0.3625657169
13,3/28/2010,0.6508886754,7,0.09298409649,0.09298409649
14,4/4/2010,1.816840266,7,0.2595486094,0.2595486094
15,4/11/2010,1.468290402,7,0.2097557716,0.2097557716
16,4/18/2010,2.52265149,7,0.3603787843,0.3603787843
17,4/25/2010,2.306959943,7,0.3295657062,0.3295657062
18,5/2/2010,3.649532931,7,0.5213618473,0.5213618473
19,5/9/2010,2.687247498,7,0.3838924998,0.3838924998
20,5/16/2010,1.471624708,7,0.2102321011,0.2102321011
21,5/23/2010,1.769911591,7,0.252844513,0.252844513
22,5/30/2010,1.192823206,7,0.1704033152,0.1704033152
23,6/6/2010,3.338678051,7,0.4769540073,0.4769540073
24,6/13/2010,4.165647738,7,0.595092534,0.595092534
25,6/20/2010,3.853724275,7,0.5505320393,0.5505320393
26,6/27/2010,4.538557178,7,0.6483653112,0.6483653112
27,7/4/2010,4.160585006,7,0.5943692866,0.5943692866
28,7/11/2010,4.532316126,7,0.6474737323,0.6474737323
29,7/18/2010,4.507997064,7,0.6439995806,0.6439995806
30,7/25/2010,4.35101234,7,0.6215731915,0.6215731915
31,8/1/2010,4.439341732,7,0.634191676,0.634191676
32,8/8/2010,4.018071486,7,0.5740102123,0.5740102123
33,8/15/2010,4.231871087,7,0.6045530124,0.6045530124
34,8/22/2010,3.639760241,7,0.5199657488,0.5199657488
35,8/29/2010,4.076238768,7,0.582319824,0.582319824
36,9/5/2010,3.465313775,7,0.495044825,0.495044825
37,9/12/2010,3.083307152,7,0.4404724503,0.4404724503
38,9/19/2010,3.752645514,7,0.5360922163,0.5360922163
39,9/26/2010,4.404461926,7,0.6292088466,0.6292088466
40,10/3/2010,2.279935499,7,0.3257050712,0.3257050712
41,10/10/2010,3.690964594,7,0.5272806563,0.5272806563
42,10/17/2010,2.339373567,7,0.3341962239,0.3341962239
43,10/24/2010,0.9813419261,6,0.1635569877,0.1401917037
44,10/31/2010,2.841426794,7,0.4059181134,0.4059181134
45,11/7/2010,2.507362693,7,0.3581946705,0.3581946705
46,11/14/2010,1.981653096,7,0.2830932994,0.2830932994
47,11/21/2010,1.86651193,7,0.2666445614,0.2666445614
48,11/28/2010,0.9551780803,7,0.1364540115,0.1364540115
49,12/5/2010,0.4276351884,7,0.0610907412,0.0610907412
50,12/12/2010,1.586372768,7,0.2266246812,0.2266246812
51,12/19/2010,0.3923074984,7,0.05604392834,0.05604392834
52,12/26/2010,1.170145186,7,0.167163598,0.167163598
53,1/2/2011,2.902456437,7,0.4146366339,0.4146366339
54,1/9/2011,1.512090543,7,0.2160129348,0.2160129348
55,1/16/2011,3.280275557,7,0.4686107939,0.4686107939
56,1/23/2011,2.743138019,7,0.3918768599,0.3918768599
57,1/30/2011,3.222753868,7,0.4603934098,0.4603934098
58,2/6/2011,3.778702829,7,0.5398146899,0.5398146899
59,2/13/2011,0.6851875812,7,0.09788394018,0.09788394018
60,2/20/2011,1.378754354,7,0.1969649077,0.1969649077
61,2/27/2011,1.044430716,7,0.149204388,0.149204388
62,3/6/2011,0.6430134538,7,0.09185906482,0.09185906482
63,3/13/2011,0.5818679344,7,0.08312399063,0.08312399063
64,3/20/2011,0.3141801839,7,0.04488288341,0.04488288341
65,3/27/2011,2.220658992,7,0.3172369989,0.3172369989
66,4/3/2011,2.080238388,7,0.2971769125,0.2971769125
67,4/10/2011,1.22161079,7,0.1745158271,0.1745158271
68,4/17/2011,1.325868913,7,0.1894098447,0.1894098447
69,4/24/2011,2.731419011,7,0.3902027158,0.3902027158
70,5/1/2011,3.292422981,7,0.4703461402,0.4703461402
71,5/8/2011,2.615191624,7,0.3735988035,0.3735988035
72,5/15/2011,2.11867173,7,0.30266739,0.30266739
73,5/22/2011,1.508239322,7,0.2154627603,0.2154627603
74,5/29/2011,1.17986482,7,0.1685521171,0.1685521171
75,6/5/2011,2.625303775,7,0.3750433964,0.3750433964
76,6/12/2011,3.594687758,7,0.5135268226,0.5135268226
77,6/19/2011,4.166365027,7,0.5951950039,0.5951950039
78,6/26/2011,3.399598366,7,0.4856569094,0.4856569094
79,7/3/2011,4.606517748,7,0.658073964,0.658073964
80,7/10/2011,3.618126031,7,0.5168751473,0.5168751473
81,7/17/2011,3.702887079,7,0.5289838685,0.5289838685
82,7/24/2011,4.6049952,7,0.6578564571,0.6578564571
83,7/31/2011,4.574718466,7,0.6535312094,0.6535312094
84,8/7/2011,4.521236648,7,0.6458909497,0.6458909497
85,8/14/2011,4.529695989,7,0.647099427,0.647099427
86,8/21/2011,4.467276658,7,0.6381823797,0.6381823797
87,8/28/2011,4.516468815,7,0.6452098307,0.6452098307
88,9/4/2011,4.130608215,7,0.5900868879,0.5900868879
89,9/11/2011,4.058064382,7,0.5797234832,0.5797234832
90,9/18/2011,4.546333962,7,0.6494762802,0.6494762802
91,9/25/2011,3.429930372,7,0.4899900531,0.4899900531
92,10/2/2011,1.973007284,7,0.2818581834,0.2818581834
93,10/9/2011,2.961805072,7,0.4231150102,0.4231150102
94,10/16/2011,4.348693253,7,0.6212418933,0.6212418933
95,10/23/2011,4.323026425,7,0.6175752036,0.6175752036
96,10/30/2011,3.131700146,7,0.4473857351,0.4473857351
97,11/6/2011,2.403318589,7,0.3433312269,0.3433312269
98,11/13/2011,2.405107228,7,0.3435867469,0.3435867469
99,11/20/2011,0.995587389,7,0.1422267699,0.1422267699
100,11/27/2011,3.83895609,7,0.5484222986,0.5484222986
101,12/4/2011,4.105278619,7,0.5864683741,0.5864683741
102,12/11/2011,3.379340478,7,0.4827629254,0.4827629254
103,12/18/2011,3.640292772,7,0.5200418246,0.5200418246
104,12/25/2011,1.95544371,7,0.2793491014,0.2793491014
105,1/1/2012,3.238400175,7,0.4626285965,0.4626285965
106,1/8/2012,3.923165299,7,0.5604521856,0.5604521856
107,1/15/2012,1.694977133,7,0.2421395904,0.2421395904
108,1/22/2012,1.318165841,7,0.1883094058,0.1883094058
109,1/29/2012,3.14317164,7,0.44902452,0.44902452
110,2/5/2012,2.194726923,7,0.3135324176,0.3135324176
111,2/12/2012,3.083850391,7,0.4405500559,0.4405500559
112,2/19/2012,2.92927107,7,0.4184672957,0.4184672957
113,2/26/2012,1.588799349,7,0.2269713356,0.2269713356
114,3/4/2012,3.417614025,7,0.488230575,0.488230575
115,3/11/2012,0.5440839555,7,0.07772627935,0.07772627935
116,3/18/2012,0.7666904218,7,0.1095272031,0.1095272031
117,3/25/2012,0.3421056767,7,0.04887223953,0.04887223953
118,4/1/2012,1.694455493,6,0.2824092489,0.2420650705
119,4/8/2012,0.9877564416,7,0.1411080631,0.1411080631
120,4/15/2012,2.280348172,7,0.3257640245,0.3257640245
121,4/22/2012,2.926866,7,0.4181237142,0.4181237142
122,4/29/2012,2.514954628,7,0.3592792326,0.3592792326
123,5/6/2012,3.83843358,6,0.63973893,0.5483476543
124,5/13/2012,3.970072695,7,0.5671532421,0.5671532421
125,5/20/2012,2.917291768,7,0.4167559668,0.4167559668
126,5/27/2012,4.105151251,7,0.5864501787,0.5864501787
127,6/3/2012,2.981602034,7,0.4259431477,0.4259431477
128,6/10/2012,4.385557066,7,0.6265081522,0.6265081522
129,6/17/2012,3.646026925,7,0.5208609892,0.5208609892
130,6/24/2012,4.173787403,7,0.5962553433,0.5962553433
131,7/1/2012,4.37401475,7,0.62485925,0.62485925
132,7/8/2012,4.517355761,7,0.6453365373,0.6453365373
133,7/15/2012,3.687421913,7,0.5267745591,0.5267745591
134,7/22/2012,4.423062118,7,0.6318660169,0.6318660169
135,7/29/2012,4.417637772,7,0.6310911103,0.6310911103
136,8/5/2012,4.436625082,7,0.6338035831,0.6338035831
137,8/12/2012,3.963019737,7,0.5661456767,0.5661456767
138,8/19/2012,4.159277031,7,0.594182433,0.594182433
139,8/26/2012,4.2291053,7,0.6041579,0.6041579
140,9/2/2012,4.276633204,7,0.6109476006,0.6109476006
141,9/9/2012,4.018925964,7,0.5741322805,0.5741322805
142,9/16/2012,4.353655464,7,0.6219507806,0.6219507806
143,9/23/2012,4.11690786,7,0.5881296942,0.5881296942
144,9/30/2012,4.047905109,7,0.5782721584,0.5782721584
145,10/7/2012,3.60045487,7,0.5143506957,0.5143506957
146,10/14/2012,3.870984963,7,0.5529978518,0.5529978518
147,10/21/2012,2.3071053,7,0.3295864715,0.3295864715
148,10/28/2012,2.710493233,7,0.387213319,0.387213319
149,11/4/2012,2.750711234,7,0.3929587477,0.3929587477
150,11/11/2012,1.114467962,7,0.1592097088,0.1592097088
151,11/18/2012,1.888792869,7,0.2698275528,0.2698275528
152,11/25/2012,1.360058485,7,0.1942940693,0.1942940693
153,12/2/2012,1.929456144,7,0.275636592,0.275636592
154,12/9/2012,2.322585913,7,0.3317979876,0.3317979876
155,12/16/2012,1.057687101,6,0.1762811836,0.1510981573
156,12/23/2012,1.040159768,7,0.1485942526,0.1485942526
157,12/30/2012,2.12970735,7,0.3042439071,0.3042439071
158,1/6/2013,1.886732119,7,0.2695331598,0.2695331598
159,1/13/2013,3.245658455,7,0.4636654936,0.4636654936
160,1/20/2013,1.587028795,7,0.2267183993,0.2267183993
161,1/27/2013,2.444536138,7,0.3492194483,0.3492194483
162,2/3/2013,2.713934396,7,0.3877049137,0.3877049137
163,2/10/2013,3.487325433,7,0.4981893475,0.4981893475
164,2/17/2013,2.457798906,7,0.3511141294,0.3511141294
165,2/24/2013,2.47523352,7,0.3536047885,0.3536047885
166,3/3/2013,2.087376155,7,0.2981965936,0.2981965936
167,3/10/2013,3.159607747,7,0.4513725353,0.4513725353
168,3/17/2013,2.732328766,7,0.3903326809,0.3903326809
169,3/24/2013,1.850808216,7,0.2644011738,0.2644011738
170,3/31/2013,1.28040742,7,0.1829153457,0.1829153457
171,4/7/2013,3.236442715,7,0.4623489593,0.4623489593
172,4/14/2013,3.540961173,7,0.5058515962,0.5058515962
173,4/21/2013,4.408034722,7,0.629719246,0.629719246
174,4/28/2013,4.113620812,7,0.587660116,0.587660116
175,5/5/2013,1.960189932,7,0.2800271331,0.2800271331
176,5/12/2013,3.154617854,7,0.4506596934,0.4506596934
177,5/19/2013,4.315509809,7,0.6165014012,0.6165014012
178,5/26/2013,3.333895422,7,0.4762707746,0.4762707746
179,6/2/2013,4.403727281,7,0.6291038972,0.6291038972
180,6/9/2013,3.726853273,7,0.5324076104,0.5324076104
181,6/16/2013,3.941021979,7,0.5630031399,0.5630031399
182,6/23/2013,2.172770332,7,0.3103957617,0.3103957617
183,6/30/2013,4.336113022,7,0.6194447174,0.6194447174
184,7/7/2013,4.473298001,7,0.6390425716,0.6390425716
185,7/14/2013,4.341607189,7,0.6202295984,0.6202295984
186,7/21/2013,3.360840543,6,0.5601400905,0.4801200776
187,7/28/2013,4.022866125,7,0.5746951607,0.5746951607
188,8/4/2013,4.001091767,7,0.5715845382,0.5715845382
189,8/11/2013,4.241890873,7,0.6059844104,0.6059844104
190,8/18/2013,3.388594576,7,0.4840849394,0.4840849394
191,8/25/2013,4.197176039,7,0.5995965771,0.5995965771
192,9/1/2013,4.091278589,7,0.5844683699,0.5844683699
193,9/8/2013,3.997187882,7,0.5710268403,0.5710268403
194,9/15/2013,3.378974696,7,0.4827106709,0.4827106709
195,9/22/2013,2.614456594,7,0.3734937991,0.3734937991
196,9/29/2013,3.203403116,7,0.4576290165,0.4576290165
197,10/6/2013,3.429206334,7,0.4898866191,0.4898866191
198,10/13/2013,4.123622935,7,0.5890889907,0.5890889907
199,10/20/2013,4.244342389,7,0.6063346271,0.6063346271
200,10/27/2013,2.676138607,7,0.3823055153,0.3823055153
201,11/3/2013,3.056186051,7,0.4365980072,0.4365980072
202,11/10/2013,3.258884565,7,0.4655549379,0.4655549379
203,11/17/2013,2.508827247,7,0.3584038924,0.3584038924
204,11/24/2013,3.417868121,7,0.4882668745,0.4882668745
205,12/1/2013,2.539528886,7,0.3627898409,0.3627898409
206,12/8/2013,3.555284336,7,0.5078977623,0.5078977623
207,12/15/2013,3.545343807,7,0.5064776867,0.5064776867
208,12/22/2013,3.76984353,7,0.5385490758,0.5385490758
209,12/29/2013,3.732182509,7,0.5331689299,0.5331689299
210,1/5/2014,1.699652287,7,0.2428074696,0.2428074696
211,1/12/2014,4.030053046,7,0.5757218637,0.5757218637
212,1/19/2014,4.038315934,7,0.5769022763,0.5769022763
213,1/26/2014,2.382220846,7,0.3403172638,0.3403172638
214,2/2/2014,1.736951116,7,0.2481358737,0.2481358737
215,2/9/2014,0.9160446785,7,0.1308635255,0.1308635255
216,2/16/2014,3.750680795,7,0.5358115421,0.5358115421
217,2/23/2014,2.025902078,7,0.2894145826,0.2894145826
218,3/2/2014,1.148623221,7,0.1640890316,0.1640890316
219,3/9/2014,2.817305408,6,0.4695509013,0.4024722011
220,3/16/2014,4.075385786,7,0.5821979694,0.5821979694
221,3/23/2014,1.460314414,7,0.2086163448,0.2086163448
222,3/30/2014,1.125503599,7,0.1607862284,0.1607862284
223,4/6/2014,4.212948141,7,0.6018497344,0.6018497344
224,4/13/2014,3.775090116,7,0.5392985881,0.5392985881
225,4/20/2014,2.107994776,7,0.3011421109,0.3011421109
226,4/27/2014,3.32362241,7,0.4748032014,0.4748032014
227,5/4/2014,2.465474464,7,0.3522106377,0.3522106377
228,5/11/2014,4.243800919,7,0.6062572742,0.6062572742
229,5/18/2014,3.714235239,7,0.5306050341,0.5306050341
230,5/25/2014,4.22567442,7,0.6036677744,0.6036677744
231,6/1/2014,4.40251334,7,0.6289304772,0.6289304772
232,6/8/2014,3.918253124,7,0.5597504462,0.5597504462
233,6/15/2014,4.308258878,7,0.615465554,0.615465554
234,6/22/2014,2.931549182,7,0.4187927402,0.4187927402
235,6/29/2014,4.324378009,7,0.617768287,0.617768287
236,7/6/2014,3.312521821,7,0.4732174031,0.4732174031
237,7/13/2014,3.513445864,7,0.5019208377,0.5019208377
238,7/20/2014,3.922130757,7,0.5603043939,0.5603043939
239,7/27/2014,3.584596201,7,0.5120851715,0.5120851715
240,8/3/2014,2.79573191,7,0.3993902729,0.3993902729
241,8/10/2014,3.466646187,7,0.4952351696,0.4952351696
242,8/17/2014,4.227328044,7,0.6039040062,0.6039040062
243,8/24/2014,3.876687406,7,0.5538124866,0.5538124866
244,8/31/2014,4.079509114,7,0.5827870163,0.5827870163
245,9/7/2014,3.982544501,7,0.5689349287,0.5689349287
246,9/14/2014,3.635841103,7,0.5194058718,0.5194058718
247,9/21/2014,2.611366373,7,0.373052339,0.373052339
248,9/28/2014,3.729753447,7,0.532821921,0.532821921
249,10/5/2014,4.337811261,7,0.619687323,0.619687323
250,10/12/2014,2.611560654,7,0.3730800934,0.3730800934
251,10/19/2014,1.59784096,7,0.2282629943,0.2282629943
252,10/26/2014,2.590085338,7,0.3700121911,0.3700121911
253,11/2/2014,4.103438638,7,0.5862055197,0.5862055197
254,11/9/2014,2.477947284,7,0.3539924692,0.3539924692
255,11/16/2014,1.380785511,7,0.197255073,0.197255073
256,11/23/2014,1.685365491,7,0.2407664987,0.2407664987
257,11/30/2014,0.1232666123,7,0.01760951604,0.01760951604
258,12/7/2014,0.4400320622,7,0.06286172317,0.06286172317
259,12/14/2014,0.2137839791,7,0.03054056845,0.03054056845
260,12/21/2014,3.031684437,7,0.4330977767,0.4330977767
261,12/28/2014,4.184324012,7,0.5977605732,0.5977605732
262,1/4/2015,2.459287506,7,0.3513267866,0.3513267866
263,1/11/2015,1.415056806,7,0.2021509723,0.2021509723
264,1/18/2015,3.588613485,7,0.5126590693,0.5126590693
265,1/25/2015,3.249495139,7,0.4642135913,0.4642135913
266,2/1/2015,0.669481453,7,0.09564020757,0.09564020757
267,2/8/2015,1.80484098,7,0.2578344257,0.2578344257
268,2/15/2015,3.856273981,7,0.550896283,0.550896283
269,2/22/2015,3.469606189,7,0.495658027,0.495658027
270,3/1/2015,3.99716832,7,0.5710240457,0.5710240457
271,3/8/2015,2.383150652,7,0.3404500932,0.3404500932
272,3/15/2015,2.526738054,7,0.3609625792,0.3609625792
273,3/22/2015,2.897460818,7,0.413922974,0.413922974
274,3/29/2015,3.644734139,7,0.5206763055,0.5206763055
275,4/5/2015,1.496180213,7,0.2137400305,0.2137400305
276,4/12/2015,4.41855484,7,0.63122212,0.63122212
277,4/19/2015,3.619839481,7,0.5171199258,0.5171199258
278,4/26/2015,4.414388684,7,0.6306269549,0.6306269549
279,5/3/2015,4.119775637,7,0.5885393767,0.5885393767
280,5/10/2015,1.955829631,7,0.279404233,0.279404233
281,5/17/2015,1.625000124,7,0.2321428748,0.2321428748
282,5/24/2015,3.712445073,7,0.5303492961,0.5303492961
283,5/31/2015,3.256918651,7,0.465274093,0.465274093
284,6/7/2015,4.224560213,7,0.6035086018,0.6035086018
285,6/14/2015,4.139969718,7,0.5914242454,0.5914242454
286,6/21/2015,4.124178485,7,0.589168355,0.589168355
287,6/28/2015,3.147051356,7,0.4495787651,0.4495787651
288,7/5/2015,2.341756614,7,0.3345366592,0.3345366592
289,7/12/2015,3.833383565,7,0.5476262235,0.5476262235
290,7/19/2015,4.065933025,7,0.580847575,0.580847575
291,7/26/2015,4.081950367,7,0.5831357667,0.5831357667
292,8/2/2015,3.848366386,7,0.5497666265,0.5497666265
293,8/9/2015,4.038306126,7,0.5769008751,0.5769008751
294,8/16/2015,4.089028037,7,0.5841468625,0.5841468625
295,8/23/2015,3.446745997,7,0.4923922852,0.4923922852
296,8/30/2015,3.882424588,7,0.5546320839,0.5546320839
297,9/6/2015,3.978883214,7,0.5684118878,0.5684118878
298,9/13/2015,2.095577149,7,0.2993681641,0.2993681641
299,9/20/2015,4.324311213,7,0.6177587448,0.6177587448
300,9/27/2015,3.317003813,7,0.4738576875,0.4738576875
301,10/4/2015,3.518823892,7,0.5026891275,0.5026891275
302,10/11/2015,3.445179705,7,0.4921685293,0.4921685293
303,10/18/2015,3.338684796,7,0.4769549709,0.4769549709
304,10/25/2015,3.016156956,7,0.4308795652,0.4308795652
305,11/1/2015,3.028614106,7,0.432659158,0.432659158
306,11/8/2015,2.768967393,7,0.3955667704,0.3955667704
307,11/15/2015,2.807747622,7,0.4011068031,0.4011068031
308,11/22/2015,2.769395068,7,0.3956278669,0.3956278669
309,11/29/2015,1.309464846,7,0.1870664066,0.1870664066
310,12/6/2015,0.3634910389,7,0.05192729128,0.05192729128
311,12/13/2015,1.896476566,7,0.2709252237,0.2709252237
312,12/20/2015,1.411224451,7,0.2016034931,0.2016034931
313,12/27/2015,2.176259246,7,0.310894178,0.310894178
314,1/3/2016,0.5083436027,7,0.07262051467,0.07262051467
315,1/10/2016,0.8688800931,7,0.1241257276,0.1241257276
316,1/17/2016,0.3267540528,7,0.0466791504,0.0466791504
317,1/24/2016,1.735321575,7,0.2479030822,0.2479030822
318,1/31/2016,1.995266994,7,0.285038142,0.285038142
319,2/7/2016,2.753565679,7,0.3933665256,0.3933665256
320,2/14/2016,0.5050180735,3,0.1683393578,0.07214543907
321,2/21/2016,0,0,0,0
322,2/28/2016,1.056481636,7,0.1509259479,0.1509259479
323,3/6/2016,0.31560676,7,0.04508668,0.04508668
324,3/13/2016,2.76405694,7,0.3948652772,0.3948652772
325,3/20/2016,1.780676608,7,0.2543823726,0.2543823726
326,3/27/2016,3.116480414,7,0.4452114877,0.4452114877
327,4/3/2016,3.307042259,7,0.4724346084,0.4724346084
328,4/10/2016,1.985492044,7,0.2836417205,0.2836417205
329,4/17/2016,2.811496585,7,0.4016423693,0.4016423693
330,4/24/2016,2.78097088,7,0.3972815543,0.3972815543
331,5/1/2016,1.79767868,7,0.25681124,0.25681124
332,5/8/2016,3.511288725,7,0.5016126749,0.5016126749
333,5/15/2016,3.01945382,7,0.4313505457,0.4313505457
334,5/22/2016,2.99493684,7,0.42784812,0.42784812
335,5/29/2016,3.928382867,7,0.5611975524,0.5611975524
336,6/5/2016,3.619136167,7,0.5170194524,0.5170194524
337,6/12/2016,2.721277358,7,0.3887539083,0.3887539083
338,6/19/2016,4.602083106,7,0.6574404438,0.6574404438
339,6/26/2016,4.583915946,7,0.6548451351,0.6548451351
340,7/3/2016,3.511170197,7,0.5015957424,0.5015957424
341,7/10/2016,4.464264716,7,0.6377521023,0.6377521023
342,7/17/2016,4.483162653,7,0.6404518076,0.6404518076
343,7/24/2016,4.456149075,7,0.636592725,0.636592725
344,7/31/2016,4.407284821,7,0.6296121172,0.6296121172
345,8/7/2016,4.361860571,7,0.6231229387,0.6231229387
346,8/14/2016,4.310679821,7,0.615811403,0.615811403
347,8/21/2016,4.362543745,7,0.623220535,0.623220535
348,8/28/2016,3.953749705,7,0.5648213864,0.5648213864
349,9/4/2016,4.322293799,7,0.6174705426,0.6174705426
350,9/11/2016,3.920951711,7,0.5601359588,0.5601359588
351,9/18/2016,3.515500758,7,0.502214394,0.502214394
352,9/25/2016,3.917188926,7,0.559598418,0.559598418
353,10/2/2016,2.851571305,7,0.4073673292,0.4073673292
354,10/9/2016,2.476159894,7,0.3537371277,0.3537371277
355,10/16/2016,2.767590974,7,0.3953701391,0.3953701391
356,10/23/2016,0.7990839848,7,0.114154855,0.114154855
357,10/30/2016,2.546548262,7,0.3637926089,0.3637926089
358,11/6/2016,2.342133416,7,0.334590488,0.334590488
359,11/13/2016,2.692526254,7,0.3846466077,0.3846466077
360,11/20/2016,1.041425535,7,0.1487750764,0.1487750764
361,11/27/2016,2.184184456,7,0.3120263509,0.3120263509
362,12/4/2016,0.9883212377,7,0.1411887482,0.1411887482
363,12/11/2016,1.938671094,7,0.2769530135,0.2769530135
364,12/18/2016,2.479451846,7,0.3542074066,0.3542074066
365,12/25/2016,3.270087268,7,0.467155324,0.467155324
366,1/1/2017,1.44270634,7,0.2061009058,0.2061009058
367,1/8/2017,1.71611255,7,0.2451589357,0.2451589357
368,1/15/2017,1.18585554,7,0.1694079343,0.1694079343
369,1/22/2017,1.743163485,7,0.249023355,0.249023355
370,1/29/2017,0.8084815512,7,0.1154973645,0.1154973645
371,2/5/2017,1.016717856,7,0.145245408,0.145245408
372,2/12/2017,1.335485119,7,0.1907835884,0.1907835884
373,2/19/2017,1.438211478,7,0.2054587825,0.2054587825
374,2/26/2017,2.307940507,7,0.3297057868,0.3297057868
375,3/5/2017,1.208475934,7,0.1726394191,0.1726394191
376,3/12/2017,2.33044858,7,0.3329212258,0.3329212258
377,3/19/2017,1.322082821,7,0.1888689744,0.1888689744
378,3/26/2017,2.660877833,7,0.3801254048,0.3801254048
379,4/2/2017,2.190273508,7,0.3128962154,0.3128962154
380,4/9/2017,1.751199527,7,0.250171361,0.250171361
381,4/16/2017,1.666549997,7,0.2380785711,0.2380785711
382,4/23/2017,2.429957881,6,0.4049929801,0.3471368401
383,4/30/2017,4.097729207,7,0.5853898867,0.5853898867
384,5/7/2017,3.493648555,7,0.4990926507,0.4990926507
385,5/14/2017,3.641587698,7,0.520226814,0.520226814
386,5/21/2017,4.322179057,7,0.617454151,0.617454151
387,5/28/2017,2.967800104,7,0.4239714434,0.4239714434
388,6/4/2017,2.927195832,7,0.4181708331,0.4181708331
389,6/11/2017,3.250706603,7,0.4643866575,0.4643866575
390,6/18/2017,4.319263915,7,0.6170377021,0.6170377021
391,6/25/2017,4.476408029,7,0.6394868613,0.6394868613
392,7/2/2017,4.50541737,7,0.6436310528,0.6436310528
393,7/9/2017,4.465277889,7,0.6378968412,0.6378968412
394,7/16/2017,4.449615564,7,0.6356593663,0.6356593663
395,7/23/2017,4.139329461,7,0.5913327801,0.5913327801
396,7/30/2017,4.115908372,7,0.5879869102,0.5879869102
397,8/6/2017,4.126274431,7,0.5894677758,0.5894677758
398,8/13/2017,4.41696917,7,0.6309955957,0.6309955957
399,8/20/2017,4.377412674,7,0.6253446677,0.6253446677
400,8/27/2017,4.104122048,7,0.5863031497,0.5863031497
401,9/3/2017,3.679606957,7,0.5256581367,0.5256581367
402,9/10/2017,3.306885069,7,0.4724121527,0.4724121527
403,9/17/2017,2.686773199,7,0.3838247427,0.3838247427
404,9/24/2017,3.681400865,7,0.5259144093,0.5259144093
405,10/1/2017,4.292406586,7,0.6132009408,0.6132009408
406,10/8/2017,4.178709119,7,0.5969584456,0.5969584456
407,10/15/2017,2.435138271,7,0.3478768959,0.3478768959
408,10/22/2017,4.302341234,7,0.6146201762,0.6146201762
409,10/29/2017,2.734618887,7,0.390659841,0.390659841
410,11/5/2017,1.017970675,7,0.1454243821,0.1454243821
411,11/12/2017,1.656810382,7,0.2366871974,0.2366871974
412,11/19/2017,0.9939178987,7,0.1419882712,0.1419882712
413,11/26/2017,1.628629072,7,0.2326612961,0.2326612961
414,12/3/2017,4.219456092,7,0.6027794417,0.6027794417
415,12/10/2017,3.690935351,7,0.5272764787,0.5272764787
416,12/17/2017,3.0890544,7,0.4412934857,0.4412934857
417,12/24/2017,2.827440161,7,0.4039200229,0.4039200229
418,12/31/2017,1.879857116,7,0.2685510166,0.2685510166
419,1/7/2018,1.501032539,7,0.2144332198,0.2144332198
420,1/14/2018,1.60476677,7,0.2292523958,0.2292523958
421,1/21/2018,0.3028513742,7,0.04326448203,0.04326448203
422,1/28/2018,2.799436176,7,0.3999194537,0.3999194537
423,2/4/2018,3.556421336,7,0.5080601909,0.5080601909
424,2/11/2018,3.411743864,7,0.4873919806,0.4873919806
425,2/18/2018,2.218138248,7,0.3168768926,0.3168768926
426,2/25/2018,1.375048078,7,0.1964354397,0.1964354397
427,3/4/2018,1.591936055,7,0.2274194365,0.2274194365
428,3/11/2018,1.106243403,7,0.1580347718,0.1580347718
429,3/18/2018,0.9583919183,7,0.1369131312,0.1369131312
430,3/25/2018,2.739360604,7,0.3913372292,0.3913372292
431,4/1/2018,1.959536076,7,0.2799337252,0.2799337252
432,4/8/2018,1.995321383,7,0.2850459118,0.2850459118
433,4/15/2018,2.392430389,7,0.3417757698,0.3417757698
434,4/22/2018,3.116916014,7,0.4452737163,0.4452737163
435,4/29/2018,2.696439996,7,0.3852057137,0.3852057137
436,5/6/2018,4.006629449,7,0.5723756356,0.5723756356
437,5/13/2018,3.447128214,7,0.4924468877,0.4924468877
438,5/20/2018,2.901575431,7,0.4145107758,0.4145107758
439,5/27/2018,4.201816447,7,0.6002594924,0.6002594924
440,6/3/2018,3.811239604,7,0.5444628005,0.5444628005
441,6/10/2018,4.480642314,7,0.6400917591,0.6400917591
442,6/17/2018,3.922044814,7,0.5602921163,0.5602921163
443,6/24/2018,4.524350815,7,0.6463358308,0.6463358308
444,7/1/2018,3.962119326,7,0.5660170465,0.5660170465
445,7/8/2018,4.087417375,7,0.5839167678,0.5839167678
446,7/15/2018,4.414573909,7,0.6306534156,0.6306534156
447,7/22/2018,3.988963918,7,0.5698519883,0.5698519883
448,7/29/2018,3.17009151,6,0.528348585,0.4528702157
449,8/5/2018,3.99156562,7,0.57022366,0.57022366
450,8/12/2018,3.94049051,7,0.5629272158,0.5629272158
451,8/19/2018,3.987721651,7,0.5696745216,0.5696745216
452,8/26/2018,3.938883821,7,0.5626976887,0.5626976887
453,9/2/2018,3.743247575,7,0.5347496535,0.5347496535
454,9/9/2018,3.35264165,7,0.4789488071,0.4789488071
455,9/16/2018,3.680413631,7,0.5257733759,0.5257733759
456,9/23/2018,3.699501283,7,0.5285001833,0.5285001833
457,9/30/2018,1.46185995,7,0.2088371357,0.2088371357
458,10/7/2018,3.512203291,6,0.5853672152,0.5017433273
459,10/14/2018,4.178547517,7,0.5969353596,0.5969353596
460,10/21/2018,2.699532874,7,0.3856475534,0.3856475534
461,10/28/2018,2.417910612,6,0.4029851021,0.3454158018
462,11/4/2018,3.66711883,7,0.5238741186,0.5238741186
463,11/11/2018,3.488616719,7,0.498373817,0.498373817
464,11/18/2018,1.816650325,7,0.2595214749,0.2595214749
465,11/25/2018,1.062162774,7,0.1517375392,0.1517375392
466,12/2/2018,2.089656295,7,0.2985223279,0.2985223279
467,12/9/2018,2.00704794,7,0.2867211342,0.2867211342
468,12/16/2018,0.7177595219,7,0.1025370746,0.1025370746
469,12/23/2018,1.783383375,7,0.2547690536,0.2547690536
470,12/30/2018,2.713066876,7,0.3875809823,0.3875809823
471,1/6/2019,0.8679777597,7,0.1239968228,0.1239968228
472,1/13/2019,1.149714361,7,0.1642449087,0.1642449087
473,1/20/2019,2.668136745,7,0.3811623921,0.3811623921
474,1/27/2019,2.333278021,7,0.3333254316,0.3333254316
475,2/3/2019,0.570674178,7,0.08152488257,0.08152488257
476,2/10/2019,0.280593441,7,0.04008477729,0.04008477729
477,2/17/2019,1.975413618,7,0.2822019454,0.2822019454
478,2/24/2019,0.4145763902,7,0.05922519861,0.05922519861
479,3/3/2019,0.3389923665,7,0.04842748093,0.04842748093
480,3/10/2019,2.443911417,7,0.3491302025,0.3491302025
481,3/17/2019,1.449948241,7,0.207135463,0.207135463
482,3/24/2019,1.263686274,7,0.1805266106,0.1805266106
483,3/31/2019,0.5586354724,7,0.07980506749,0.07980506749
484,4/7/2019,1.95101516,7,0.2787164514,0.2787164514
485,4/14/2019,1.970144044,7,0.2814491491,0.2814491491
486,4/21/2019,3.987018887,7,0.5695741267,0.5695741267
487,4/28/2019,4.00029007,7,0.57147001,0.57147001
488,5/5/2019,3.98958085,7,0.5699401215,0.5699401215
489,5/12/2019,1.044281708,7,0.1491831011,0.1491831011
490,5/19/2019,1.583773031,7,0.2262532901,0.2262532901
491,5/26/2019,2.852017788,7,0.4074311126,0.4074311126
492,6/2/2019,4.085610763,7,0.5836586804,0.5836586804
493,6/9/2019,4.120152651,7,0.5885932358,0.5885932358
494,6/16/2019,4.354559096,7,0.6220798709,0.6220798709
495,6/23/2019,3.885114285,7,0.5550163265,0.5550163265
496,6/30/2019,4.101571811,7,0.5859388301,0.5859388301
497,7/7/2019,3.442149739,6,0.5736916232,0.491735677
498,7/14/2019,4.118527206,7,0.5883610294,0.5883610294
499,7/21/2019,3.893889156,7,0.5562698795,0.5562698795
500,7/28/2019,4.225072789,7,0.6035818271,0.6035818271
501,8/4/2019,2.833679435,7,0.4048113479,0.4048113479
502,8/11/2019,4.291141161,7,0.6130201659,0.6130201659
503,8/18/2019,3.921640244,7,0.5602343206,0.5602343206
504,8/25/2019,3.984482968,7,0.5692118526,0.5692118526
505,9/1/2019,3.72941965,7,0.5327742357,0.5327742357
506,9/8/2019,3.918538581,7,0.5597912259,0.5597912259
507,9/15/2019,3.170969092,7,0.4529955846,0.4529955846
508,9/22/2019,3.074436482,7,0.4392052117,0.4392052117
509,9/29/2019,3.376515534,7,0.482359362,0.482359362
510,10/6/2019,3.928699722,7,0.5612428174,0.5612428174
511,10/13/2019,3.006511797,7,0.4295016853,0.4295016853
512,10/20/2019,3.497358523,7,0.4996226461,0.4996226461
513,10/27/2019,4.142395653,7,0.5917708075,0.5917708075
514,11/3/2019,3.559473145,7,0.5084961635,0.5084961635
515,11/10/2019,2.334116272,7,0.3334451817,0.3334451817
516,11/17/2019,3.939673611,7,0.5628105159,0.5628105159
517,11/24/2019,1.573924403,7,0.2248463433,0.2248463433
518,12/1/2019,0.4200655939,7,0.06000937055,0.06000937055
519,12/8/2019,1.370881461,7,0.1958402088,0.1958402088
520,12/15/2019,1.182919751,7,0.1689885358,0.1689885358
521,12/22/2019,2.140168337,7,0.3057383338,0.3057383338
522,12/29/2019,2.366041293,7,0.338005899,0.338005899
523,1/5/2020,2.29248531,7,0.3274979014,0.3274979014
524,1/12/2020,0.3332405537,7,0.04760579338,0.04760579338
525,1/19/2020,0.2815313849,7,0.04021876927,0.04021876927
526,1/26/2020,1.667910108,7,0.2382728726,0.2382728726
527,2/2/2020,3.02568468,7,0.4322406685,0.4322406685
528,2/9/2020,3.418724013,7,0.4883891447,0.4883891447
529,2/16/2020,3.208198466,7,0.4583140666,0.4583140666
530,2/23/2020,3.396669438,7,0.4852384911,0.4852384911
531,3/1/2020,2.920762773,7,0.4172518248,0.4172518248
532,3/8/2020,2.695236249,7,0.3850337498,0.3850337498
533,3/15/2020,1.4125406,7,0.2017915143,0.2017915143
534,3/22/2020,1.647585138,7,0.2353693055,0.2353693055
535,3/29/2020,1.926189277,7,0.2751698967,0.2751698967
536,4/5/2020,2.638459051,7,0.3769227216,0.3769227216
537,4/12/2020,3.473498967,7,0.4962141382,0.4962141382
538,4/19/2020,2.883028023,7,0.4118611461,0.4118611461
539,4/26/2020,3.451601926,7,0.4930859895,0.4930859895
540,5/3/2020,3.980482406,7,0.5686403437,0.5686403437
541,5/10/2020,0.9230132772,7,0.1318590396,0.1318590396
542,5/17/2020,2.536258968,7,0.3623227098,0.3623227098
543,5/24/2020,3.257822392,7,0.4654031989,0.4654031989
544,5/31/2020,3.440501982,7,0.4915002831,0.4915002831
545,6/7/2020,3.396324601,7,0.4851892287,0.4851892287
546,6/14/2020,3.59703298,7,0.5138618543,0.5138618543
547,6/21/2020,4.239588275,7,0.6056554679,0.6056554679
548,6/28/2020,4.339015626,7,0.6198593751,0.6198593751
549,7/5/2020,4.368847698,7,0.6241210997,0.6241210997
550,7/12/2020,4.34394869,7,0.6205640986,0.6205640986
551,7/19/2020,4.246753037,7,0.6066790053,0.6066790053
552,7/26/2020,4.283926415,7,0.6119894878,0.6119894878
553,8/2/2020,4.250674922,7,0.6072392746,0.6072392746
554,8/9/2020,4.17673526,7,0.5966764658,0.5966764658
555,8/16/2020,2.455521278,7,0.3507887539,0.3507887539
556,8/23/2020,3.669651566,7,0.524235938,0.524235938
557,8/30/2020,4.267770238,7,0.6096814625,0.6096814625
558,9/6/2020,3.437902565,7,0.4911289379,0.4911289379
559,9/13/2020,3.920229539,7,0.5600327912,0.5600327912
560,9/20/2020,3.902473257,7,0.5574961796,0.5574961796
561,9/27/2020,4.158844895,7,0.5941206993,0.5941206993
562,10/4/2020,3.100812447,7,0.4429732067,0.4429732067
563,10/11/2020,3.961918507,7,0.5659883581,0.5659883581
564,10/18/2020,4.177811713,7,0.5968302448,0.5968302448
565,10/25/2020,4.207591914,7,0.6010845592,0.6010845592
566,11/1/2020,3.425020887,7,0.4892886981,0.4892886981
567,11/8/2020,2.509259397,7,0.3584656281,0.3584656281
568,11/15/2020,2.09676016,7,0.2995371657,0.2995371657
569,11/22/2020,3.615252326,7,0.516464618,0.516464618
570,11/29/2020,3.822492474,7,0.5460703534,0.5460703534
571,12/6/2020,3.518530526,7,0.5026472179,0.5026472179
572,12/13/2020,1.348309943,7,0.1926157062,0.1926157062
573,12/20/2020,2.712440505,7,0.3874915007,0.3874915007
574,12/27/2020,1.786476453,7,0.2552109218,0.2552109218
575,1/3/2021,1.067170248,7,0.1524528926,0.1524528926
576,1/10/2021,1.62091611,7,0.2315594443,0.2315594443
577,1/17/2021,3.163221474,7,0.4518887821,0.4518887821
578,1/24/2021,0.6507552736,7,0.09296503909,0.09296503909
579,1/31/2021,1.682902136,7,0.2404145909,0.2404145909
580,2/7/2021,2.283296906,7,0.3261852722,0.3261852722
581,2/14/2021,1.491710728,6,0.2486184547,0.2131015326
582,2/21/2021,3.686945228,7,0.5267064612,0.5267064612
583,2/28/2021,3.318633746,7,0.4740905352,0.4740905352
584,3/7/2021,1.927872155,7,0.2754103078,0.2754103078
585,3/14/2021,1.208299305,7,0.1726141864,0.1726141864
586,3/21/2021,3.341123364,7,0.4773033378,0.4773033378
587,3/28/2021,3.550398442,7,0.5071997774,0.5071997774
588,4/4/2021,3.904610857,7,0.5578015509,0.5578015509
589,4/11/2021,3.969617779,7,0.5670882541,0.5670882541
590,4/18/2021,3.122408436,7,0.446058348,0.446058348
591,4/25/2021,3.015582636,7,0.4307975195,0.4307975195
592,5/2/2021,4.157562072,7,0.5939374389,0.5939374389
593,5/9/2021,3.670856001,7,0.5244080002,0.5244080002
594,5/16/2021,3.554141375,7,0.5077344821,0.5077344821
595,5/23/2021,4.086985951,7,0.5838551359,0.5838551359
596,5/30/2021,4.299462843,7,0.6142089776,0.6142089776
597,6/6/2021,2.821000675,7,0.4030000965,0.4030000965
598,6/13/2021,3.725986001,7,0.5322837144,0.5322837144
599,6/20/2021,4.194333722,7,0.5991905317,0.5991905317
600,6/27/2021,4.193790137,7,0.5991128767,0.5991128767
601,7/4/2021,4.14573586,7,0.59224798,0.59224798
602,7/11/2021,4.142892729,7,0.5918418184,0.5918418184
603,7/18/2021,3.50908896,7,0.5012984229,0.5012984229
604,7/25/2021,2.551594248,7,0.364513464,0.364513464
605,8/1/2021,3.710972663,7,0.5301389519,0.5301389519
606,8/8/2021,3.573689313,7,0.5105270448,0.5105270448
607,8/15/2021,3.618285136,7,0.5168978765,0.5168978765
608,8/22/2021,3.971594884,7,0.5673706977,0.5673706977
609,8/29/2021,4.165854098,7,0.595122014,0.595122014
610,9/5/2021,2.858150173,7,0.4083071675,0.4083071675
611,9/12/2021,3.680077773,7,0.5257253962,0.5257253962
612,9/19/2021,3.191822837,6,0.5319704728,0.455974691
613,9/26/2021,3.908189727,7,0.5583128182,0.5583128182
614,10/3/2021,3.111837648,7,0.4445482354,0.4445482354
615,10/10/2021,3.480380399,7,0.4971971999,0.4971971999
616,10/17/2021,0.8088214547,7,0.1155459221,0.1155459221
617,10/24/2021,1.49897158,7,0.2141387971,0.2141387971
618,10/31/2021,0.7286698938,7,0.1040956991,0.1040956991
619,11/7/2021,2.545442003,7,0.3636345718,0.3636345718
620,11/14/2021,2.229291603,7,0.318470229,0.318470229
621,11/21/2021,4.109568609,7,0.5870812298,0.5870812298
622,11/28/2021,4.376689803,7,0.6252414005,0.6252414005
623,12/5/2021,2.458900304,7,0.351271472,0.351271472
624,12/12/2021,0.7037769448,7,0.1005395635,0.1005395635
625,12/19/2021,0.6823790481,7,0.09748272116,0.09748272116
626,12/26/2021,1.071296352,7,0.153042336,0.153042336
627,1/2/2022,0.8650384149,7,0.1235769164,0.1235769164
628,1/9/2022,2.993026638,7,0.4275752339,0.4275752339
629,1/16/2022,3.481306186,7,0.4973294552,0.4973294552
630,1/23/2022,3.854788833,7,0.550684119,0.550684119
631,1/30/2022,3.674052981,7,0.5248647116,0.5248647116
632,2/6/2022,3.872771633,7,0.5532530904,0.5532530904
633,2/13/2022,3.75626472,7,0.5366092457,0.5366092457
634,2/20/2022,2.720757685,6,0.4534596142,0.3886796693
635,2/27/2022,1.734574246,7,0.2477963209,0.2477963209
636,3/6/2022,3.623832672,7,0.5176903816,0.5176903816
637,3/13/2022,2.207037208,7,0.3152910297,0.3152910297
638,3/20/2022,3.304716063,7,0.4721022946,0.4721022946
639,3/27/2022,2.722122542,7,0.3888746488,0.3888746488
640,4/3/2022,2.892924021,7,0.4132748601,0.4132748601
641,4/10/2022,1.782797313,7,0.2546853304,0.2546853304
642,4/17/2022,1.699261909,7,0.2427517012,0.2427517012
643,4/24/2022,3.133657132,7,0.4476653045,0.4476653045
644,5/1/2022,2.669511739,7,0.3813588198,0.3813588198
645,5/8/2022,2.046672026,7,0.292381718,0.292381718
646,5/15/2022,3.792874942,7,0.5418392775,0.5418392775
647,5/22/2022,2.862832154,7,0.408976022,0.408976022
648,5/29/2022,2.529649667,6,0.4216082778,0.3613785239
649,6/5/2022,2.780770399,7,0.3972529141,0.3972529141
650,6/12/2022,2.965194431,7,0.4235992044,0.4235992044
651,6/19/2022,4.11010557,7,0.5871579385,0.5871579385
652,6/26/2022,4.267410483,7,0.609630069,0.609630069
653,7/3/2022,2.923629997,7,0.4176614281,0.4176614281
654,7/10/2022,1.670116911,3,0.5567056371,0.2385881302