Week #,Starting Date,Total Value,Num Datapoints,Average Value
1,1/3/2010,4.74065601,7,0.6772365728
2,1/10/2010,75.66510348,7,10.8093005
3,1/17/2010,204.1370454,7,29.16243506
4,1/24/2010,72.95845996,7,10.42263714
5,1/31/2010,88.6536766,7,12.66481094
6,2/7/2010,25.89399234,7,3.699141763
7,2/14/2010,6.170393623,7,0.8814848032
8,2/21/2010,76.84086847,7,10.97726692
9,2/28/2010,36.42136755,7,5.203052508
10,3/7/2010,31.18158876,7,4.45451268
11,3/14/2010,0.8431866258,7,0.1204552323
12,3/21/2010,11.8084197,7,1.6869171
13,3/28/2010,51.85849493,7,7.408356419
14,4/4/2010,29.44354242,7,4.206220345
15,4/11/2010,68.45335194,7,9.779050277
16,4/18/2010,30.48781253,7,4.35540179
17,4/25/2010,37.37201435,7,5.338859193
18,5/2/2010,3.420562354,7,0.4886517649
19,5/9/2010,25.78332744,7,3.683332491
20,5/16/2010,21.01309804,7,3.001871149
21,5/23/2010,33.12978656,7,4.732826652
22,5/30/2010,28.21177704,7,4.030253862
23,6/6/2010,0.3676356581,7,0.05251937973
24,6/13/2010,1.044846378,7,0.1492637683
25,6/20/2010,0.09405609215,7,0.01343658459
26,6/27/2010,0,7,0
27,7/4/2010,1.15367202,7,0.1648102886
28,7/11/2010,0,7,0
29,7/18/2010,0,7,0
30,7/25/2010,0.001891442991,7,0.0002702061415
31,8/1/2010,0,7,0
32,8/8/2010,0.0368622791,7,0.005266039871
33,8/15/2010,0,7,0
34,8/22/2010,9.459853401,7,1.351407629
35,8/29/2010,0.03863241028,7,0.005518915754
36,9/5/2010,11.46032453,7,1.637189219
37,9/12/2010,3.630609179,7,0.5186584542
38,9/19/2010,4.423515172,7,0.6319307389
39,9/26/2010,0.3382947988,7,0.0483278284
40,10/3/2010,3.899572364,7,0.5570817663
41,10/10/2010,0,7,0
42,10/17/2010,80.23163201,7,11.46166172
43,10/24/2010,92.11893659,7,13.15984808
44,10/31/2010,18.09455978,7,2.584937111
45,11/7/2010,33.10249,7,4.728927143
46,11/14/2010,33.79811004,7,4.828301435
47,11/21/2010,39.1940751,7,5.599153585
48,11/28/2010,31.57724673,7,4.511035248
49,12/5/2010,85.60606449,7,12.22943778
50,12/12/2010,63.09578652,7,9.013683789
51,12/19/2010,97.9589086,7,13.9941298
52,12/26/2010,62.3004752,7,8.900067886
53,1/2/2011,0.6969338964,7,0.0995619852
54,1/9/2011,27.97234255,7,3.996048936
55,1/16/2011,0.04608501265,7,0.006583573235
56,1/23/2011,8.783104951,7,1.254729279
57,1/30/2011,1.105799634,7,0.1579713763
58,2/6/2011,0,7,0
59,2/13/2011,127.0294748,7,18.14706782
60,2/20/2011,32.4997998,7,4.642828543
61,2/27/2011,49.31825632,7,7.045465189
62,3/6/2011,22.98455392,7,3.283507703
63,3/13/2011,161.2891554,7,23.04130791
64,3/20/2011,142.6628647,7,20.38040924
65,3/27/2011,9.469435701,7,1.352776529
66,4/3/2011,0.6376840268,7,0.09109771811
67,4/10/2011,9.139676404,7,1.305668058
68,4/17/2011,50.22996455,7,7.175709222
69,4/24/2011,10.09289008,7,1.44184144
70,5/1/2011,2.330408909,7,0.3329155585
71,5/8/2011,7.16869667,7,1.024099524
72,5/15/2011,57.91856057,7,8.274080081
73,5/22/2011,37.58310036,7,5.369014337
74,5/29/2011,46.10489608,7,6.586413726
75,6/5/2011,6.76462663,7,0.9663752329
76,6/12/2011,0,7,0
77,6/19/2011,0,7,0
78,6/26/2011,31.57051824,7,4.510074035
79,7/3/2011,0,7,0
80,7/10/2011,1.219306817,7,0.1741866881
81,7/17/2011,1.180726835,7,0.1686752622
82,7/24/2011,0,7,0
83,7/31/2011,0.02123630155,7,0.003033757364
84,8/7/2011,0,7,0
85,8/14/2011,0,7,0
86,8/21/2011,0.01309033502,7,0.00187004786
87,8/28/2011,0,7,0
88,9/4/2011,0.074806081,7,0.010686583
89,9/11/2011,3.706568267,7,0.5295097524
90,9/18/2011,0.04343930458,7,0.00620561494
91,9/25/2011,0.3754265178,7,0.05363235969
92,10/2/2011,66.06587594,7,9.437982277
93,10/9/2011,27.12513464,7,3.875019235
94,10/16/2011,0.00005431389725,7,0.000007759128179
95,10/23/2011,0,7,0
96,10/30/2011,11.78725988,7,1.683894268
97,11/6/2011,2.336321646,7,0.3337602352
98,11/13/2011,9.873117953,7,1.410445422
99,11/20/2011,48.84850112,7,6.978357302
100,11/27/2011,0,7,0
101,12/4/2011,0,7,0
102,12/11/2011,2.899752503,7,0.4142503575
103,12/18/2011,0,7,0
104,12/25/2011,12.11782993,7,1.731118562
105,1/1/2012,0.0003288225227,7,0.0000469746461
106,1/8/2012,0,7,0
107,1/15/2012,109.798046,7,15.68543514
108,1/22/2012,54.47427463,7,7.782039234
109,1/29/2012,4.79463967,7,0.6849485243
110,2/5/2012,14.8958689,7,2.127981271
111,2/12/2012,14.9675639,7,2.138223415
112,2/19/2012,0.459735819,7,0.06567654557
113,2/26/2012,30.71501891,7,4.387859844
114,3/4/2012,0.6277502454,7,0.08967860648
115,3/11/2012,156.2154876,7,22.31649822
116,3/18/2012,30.79353678,7,4.399076682
117,3/25/2012,156.9518384,7,22.4216912
118,4/1/2012,9.69892637,7,1.38556091
119,4/8/2012,77.30937904,7,11.04419701
120,4/15/2012,0.5783143278,7,0.08261633255
121,4/22/2012,22.57670813,7,3.225244019
122,4/29/2012,16.53582481,7,2.362260688
123,5/6/2012,0.000001631644616,7,0.000000233092088
124,5/13/2012,0.9989808897,7,0.1427115557
125,5/20/2012,6.445957758,7,0.9208511084
126,5/27/2012,0.008320626219,7,0.001188660888
127,6/3/2012,24.43228518,7,3.490326455
128,6/10/2012,0.01039079062,7,0.001484398659
129,6/17/2012,3.817383794,7,0.545340542
130,6/24/2012,2.363791631,7,0.3376845187
131,7/1/2012,0.008166410739,7,0.001166630106
132,7/8/2012,0,7,0
133,7/15/2012,0.6220226585,7,0.08886037979
134,7/22/2012,0.02735032775,7,0.003907189678
135,7/29/2012,0,7,0
136,8/5/2012,0,7,0
137,8/12/2012,0.1159891404,7,0.0165698772
138,8/19/2012,0,7,0
139,8/26/2012,0,7,0
140,9/2/2012,0.01852678068,7,0.002646682954
141,9/9/2012,0,7,0
142,9/16/2012,0,7,0
143,9/23/2012,0,7,0
144,9/30/2012,0,7,0
145,10/7/2012,0.2065939926,7,0.02951342751
146,10/14/2012,0.003610329518,7,0.0005157613597
147,10/21/2012,44.61174563,7,6.373106519
148,10/28/2012,21.60854125,7,3.086934464
149,11/4/2012,6.280007662,7,0.8971439517
150,11/11/2012,65.18037539,7,9.311482198
151,11/18/2012,81.37495201,7,11.62499314
152,11/25/2012,225.2398822,7,32.17712603
153,12/2/2012,65.68229058,7,9.383184369
154,12/9/2012,21.4672246,7,3.066746372
155,12/16/2012,136.9042804,7,19.55775434
156,12/23/2012,65.55484629,7,9.364978041
157,12/30/2012,1.552840131,7,0.2218343044
158,1/6/2013,8.481928732,7,1.211704105
159,1/13/2013,0,7,0
160,1/20/2013,22.03002381,7,3.147146258
161,1/27/2013,0.01571160154,7,0.002244514505
162,2/3/2013,9.433305949,7,1.347615136
163,2/10/2013,0,7,0
164,2/17/2013,10.13612815,7,1.448018307
165,2/24/2013,0.3712141895,7,0.05303059851
166,3/3/2013,33.40940457,7,4.772772081
167,3/10/2013,0,7,0
168,3/17/2013,26.03111156,7,3.718730223
169,3/24/2013,22.05649368,7,3.150927669
170,3/31/2013,50.43980365,7,7.205686235
171,4/7/2013,6.267509555,7,0.8953585079
172,4/14/2013,0.2102231221,7,0.03003187458
173,4/21/2013,0,7,0
174,4/28/2013,0.0009097449056,7,0.0001299635579
175,5/5/2013,12.66419622,7,1.809170889
176,5/12/2013,8.275969495,7,1.182281356
177,5/19/2013,0.0615562856,7,0.008793755086
178,5/26/2013,14.88818022,7,2.126882889
179,6/2/2013,0,7,0
180,6/9/2013,0.1123648413,7,0.01605212019
181,6/16/2013,1.638102348,7,0.2340146211
182,6/23/2013,55.13855329,7,7.876936185
183,6/30/2013,2.323584738,7,0.3319406768
184,7/7/2013,0,7,0
185,7/14/2013,0,7,0
186,7/21/2013,0.3255830233,7,0.04651186047
187,7/28/2013,0,7,0
188,8/4/2013,0.2610126888,7,0.03728752697
189,8/11/2013,0,7,0
190,8/18/2013,1.766469081,7,0.2523527258
191,8/25/2013,0.3446448593,7,0.0492349799
192,9/1/2013,0.006037890831,7,0.0008625558329
193,9/8/2013,0.008020993015,7,0.001145856145
194,9/15/2013,27.59450187,7,3.942071696
195,9/22/2013,1.795414561,7,0.2564877944
196,9/29/2013,19.42755454,7,2.775364935
197,10/6/2013,2.898129019,7,0.4140184313
198,10/13/2013,0,7,0
199,10/20/2013,0.0007855619492,7,0.0001122231356
200,10/27/2013,4.270109171,7,0.6100155959
201,11/3/2013,0,7,0
202,11/10/2013,0.00001508278342,7,0.000002154683346
203,11/17/2013,46.15879389,7,6.594113414
204,11/24/2013,0,7,0
205,12/1/2013,8.124128913,7,1.160589845
206,12/8/2013,0,7,0
207,12/15/2013,0,7,0
208,12/22/2013,0,7,0
209,12/29/2013,0,7,0
210,1/5/2014,7.363706182,7,1.051958026
211,1/12/2014,0.1340651583,7,0.01915216547
212,1/19/2014,0,7,0
213,1/26/2014,8.438443263,7,1.205491895
214,2/2/2014,84.23177767,7,12.0331111
215,2/9/2014,80.71815684,7,11.53116526
216,2/16/2014,1.419063398,7,0.2027233426
217,2/23/2014,89.82685602,7,12.832408
218,3/2/2014,90.49355213,7,12.9276503
219,3/9/2014,39.04360534,7,5.577657905
220,3/16/2014,0.0003821959094,7,0.00005459941562
221,3/23/2014,101.7766872,7,14.53952674
222,3/30/2014,33.23833999,7,4.748334284
223,4/6/2014,0,7,0
224,4/13/2014,1.766608199,7,0.2523725998
225,4/20/2014,16.39697204,7,2.342424578
226,4/27/2014,1.252444684,7,0.1789206691
227,5/4/2014,9.422192746,7,1.346027535
228,5/11/2014,0,7,0
229,5/18/2014,3.14806271,7,0.4497232442
230,5/25/2014,0,7,0
231,6/1/2014,0.001574279952,7,0.000224897136
232,6/8/2014,0,7,0
233,6/15/2014,0.01593482213,7,0.002276403161
234,6/22/2014,4.81269118,7,0.6875273114
235,6/29/2014,0.04103581959,7,0.005862259941
236,7/6/2014,0.7527020042,7,0.1075288577
237,7/13/2014,0.1113006405,7,0.0159000915
238,7/20/2014,0.7580236842,7,0.1082890977
239,7/27/2014,0.05133889989,7,0.007334128556
240,8/3/2014,6.145621423,7,0.8779459176
241,8/10/2014,0.6925625165,7,0.09893750236
242,8/17/2014,0,7,0
243,8/24/2014,0,7,0
244,8/31/2014,0,7,0
245,9/7/2014,0,7,0
246,9/14/2014,1.5172544,7,0.2167506286
247,9/21/2014,49.8113584,7,7.115908343
248,9/28/2014,0.09133004834,7,0.01304714976
249,10/5/2014,0,7,0
250,10/12/2014,17.3324597,7,2.476065672
251,10/19/2014,83.18625763,7,11.88375109
252,10/26/2014,22.19177963,7,3.170254234
253,11/2/2014,0.000166245545,7,0.00002374936358
254,11/9/2014,12.3226086,7,1.760372657
255,11/16/2014,57.92133733,7,8.274476761
256,11/23/2014,37.37850077,7,5.339785825
257,11/30/2014,118.3747447,7,16.91067781
258,12/7/2014,173.325943,7,24.76084899
259,12/14/2014,120.2482557,7,17.17832224
260,12/21/2014,8.366939878,7,1.195277125
261,12/28/2014,0.2049349344,7,0.0292764192
262,1/4/2015,0.0001693536226,7,0.00002419337466
263,1/11/2015,15.76832983,7,2.252618547
264,1/18/2015,6.514624429,7,0.9306606327
265,1/25/2015,0.004101648556,7,0.0005859497937
266,2/1/2015,132.521681,7,18.93166872
267,2/8/2015,46.92503566,7,6.703576523
268,2/15/2015,0,7,0
269,2/22/2015,2.277700412,7,0.3253857731
270,3/1/2015,0.01960904452,7,0.002801292074
271,3/8/2015,8.373144788,7,1.196163541
272,3/15/2015,8.141850014,7,1.163121431
273,3/22/2015,17.41703321,7,2.488147602
274,3/29/2015,1.034376747,7,0.1477681067
275,4/5/2015,36.63814881,7,5.234021258
276,4/12/2015,0.2028900257,7,0.02898428939
277,4/19/2015,7.981160506,7,1.140165787
278,4/26/2015,0.3638690015,7,0.05198128592
279,5/3/2015,0.03488392053,7,0.004983417218
280,5/10/2015,18.21706401,7,2.602437715
281,5/17/2015,16.11863162,7,2.302661661
282,5/24/2015,1.005490314,7,0.1436414734
283,5/31/2015,5.706326001,7,0.8151894287
284,6/7/2015,4.018492063,7,0.5740702947
285,6/14/2015,0,7,0
286,6/21/2015,0.01434604735,7,0.002049435335
287,6/28/2015,0.9056644602,7,0.1293806372
288,7/5/2015,12.15287171,7,1.73612453
289,7/12/2015,0.1786203735,7,0.02551719621
290,7/19/2015,0.5921104143,7,0.08458720205
291,7/26/2015,0.188133239,7,0.026876177
292,8/2/2015,0.1144751182,7,0.01635358832
293,8/9/2015,0,7,0
294,8/16/2015,0,7,0
295,8/23/2015,0.8009810363,7,0.1144258623
296,8/30/2015,0.01322745047,7,0.001889635782
297,9/6/2015,0,7,0
298,9/13/2015,19.33903303,7,2.762719005
299,9/20/2015,0,7,0
300,9/27/2015,2.606472641,7,0.3723532344
301,10/4/2015,0,7,0
302,10/11/2015,11.57858388,7,1.654083412
303,10/18/2015,2.745088639,7,0.3921555198
304,10/25/2015,6.643336774,7,0.9490481106
305,11/1/2015,7.139414066,7,1.019916295
306,11/8/2015,29.72184686,7,4.245978123
307,11/15/2015,17.3128938,7,2.473270542
308,11/22/2015,9.681137712,7,1.383019673
309,11/29/2015,50.45245375,7,7.207493393
310,12/6/2015,102.1454776,7,14.59221108
311,12/13/2015,62.9422403,7,8.991748614
312,12/20/2015,74.36310628,7,10.6233009
313,12/27/2015,2.495707014,7,0.3565295735
314,1/3/2016,87.51362641,7,12.50194663
315,1/10/2016,95.13455887,7,13.59065127
316,1/17/2016,171.58734,7,24.51247714
317,1/24/2016,63.6816704,7,9.097381485
318,1/31/2016,6.283538439,7,0.8976483484
319,2/7/2016,0.00004242385491,7,0.000006060550701
320,2/14/2016,51.27575109,7,7.325107299
321,2/21/2016,3.341179807,7,0.477311401
322,2/28/2016,93.59730936,7,13.37104419
323,3/6/2016,159.3154841,7,22.75935488
324,3/13/2016,36.32420557,7,5.189172224
325,3/20/2016,42.63276093,7,6.090394419
326,3/27/2016,0.1844863291,7,0.02635518987
327,4/3/2016,5.187178059,7,0.741025437
328,4/10/2016,16.28364025,7,2.326234322
329,4/17/2016,27.76168021,7,3.965954316
330,4/24/2016,1.982838977,7,0.283262711
331,5/1/2016,25.18079014,7,3.597255734
332,5/8/2016,1.863673744,7,0.2662391063
333,5/15/2016,24.98944647,7,3.569920924
334,5/22/2016,7.745114454,7,1.106444922
335,5/29/2016,0.03385484014,7,0.004836405734
336,6/5/2016,0.5249056037,7,0.07498651482
337,6/12/2016,41.78410217,7,5.969157453
338,6/19/2016,0,7,0
339,6/26/2016,0,7,0
340,7/3/2016,0.2348870639,7,0.03355529485
341,7/10/2016,0.0005621758188,7,0.00008031083126
342,7/17/2016,0,7,0
343,7/24/2016,0,7,0
344,7/31/2016,0.0006687921592,7,0.00009554173702
345,8/7/2016,0,7,0
346,8/14/2016,0.6574900049,7,0.09392714355
347,8/21/2016,0.01712947543,7,0.002447067919
348,8/28/2016,0.01866764003,7,0.002666805719
349,9/4/2016,0,7,0
350,9/11/2016,0.01828437163,7,0.00261205309
351,9/18/2016,0.04181041974,7,0.005972917106
352,9/25/2016,0.205486414,7,0.029355202
353,10/2/2016,9.698369288,7,1.385481327
354,10/9/2016,84.89781615,7,12.12825945
355,10/16/2016,28.8635389,7,4.1233627
356,10/23/2016,138.2323547,7,19.74747924
357,10/30/2016,55.71899137,7,7.959855909
358,11/6/2016,6.973738438,7,0.9962483483
359,11/13/2016,61.64408524,7,8.806297891
360,11/20/2016,70.17990251,7,10.02570036
361,11/27/2016,8.545333975,7,1.220761996
362,12/4/2016,85.56403008,7,12.22343287
363,12/11/2016,121.1129141,7,17.30184487
364,12/18/2016,37.2541965,7,5.322028072
365,12/25/2016,0.1589889327,7,0.02271270467
366,1/1/2017,114.9076978,7,16.41538539
367,1/8/2017,136.2298968,7,19.46141382
368,1/15/2017,147.4526718,7,21.0646674
369,1/22/2017,23.97024096,7,3.424320137
370,1/29/2017,62.99661663,7,8.999516661
371,2/5/2017,169.0004778,7,24.14292539
372,2/12/2017,67.21599137,7,9.602284482
373,2/19/2017,78.63575426,7,11.23367918
374,2/26/2017,20.95822104,7,2.994031578
375,3/5/2017,14.87875059,7,2.125535798
376,3/12/2017,16.02222064,7,2.288888664
377,3/19/2017,103.8220342,7,14.83171918
378,3/26/2017,22.06102062,7,3.151574375
379,4/2/2017,81.60412755,7,11.65773251
380,4/9/2017,51.88645674,7,7.412350963
381,4/16/2017,48.18971561,7,6.884245087
382,4/23/2017,11.11590195,7,1.587985992
383,4/30/2017,0.1055467899,7,0.01507811285
384,5/7/2017,1.511783031,7,0.2159690044
385,5/14/2017,2.801704675,7,0.4002435251
386,5/21/2017,0,7,0
387,5/28/2017,8.477566916,7,1.211080988
388,6/4/2017,20.67751167,7,2.953930238
389,6/11/2017,2.741640247,7,0.3916628924
390,6/18/2017,0.252395497,7,0.03605649958
391,6/25/2017,0.00837091391,7,0.001195844844
392,7/2/2017,0,7,0
393,7/9/2017,0.007698334835,7,0.001099762119
394,7/16/2017,0.01512853634,7,0.002161219477
395,7/23/2017,0.01993207558,7,0.002847439369
396,7/30/2017,0.03204801413,7,0.004578287733
397,8/6/2017,1.579806485,7,0.2256866408
398,8/13/2017,0,7,0
399,8/20/2017,0.1130767717,7,0.01615382452
400,8/27/2017,0,7,0
401,9/3/2017,4.695653605,7,0.6708076578
402,9/10/2017,0.6334087262,7,0.09048696089
403,9/17/2017,1.047019712,7,0.1495742445
404,9/24/2017,0.0516203958,7,0.007374342257
405,10/1/2017,0,7,0
406,10/8/2017,0,7,0
407,10/15/2017,19.53833482,7,2.791190688
408,10/22/2017,0.1174910901,7,0.01678444144
409,10/29/2017,27.00326926,7,3.857609894
410,11/5/2017,65.30615104,7,9.329450148
411,11/12/2017,86.171882,7,12.31026886
412,11/19/2017,28.42176461,7,4.060252088
413,11/26/2017,36.53188931,7,5.218841329
414,12/3/2017,0.03137536102,7,0.004482194431
415,12/10/2017,0.08935787681,7,0.01276541097
416,12/17/2017,2.454756575,7,0.3506795107
417,12/24/2017,0.06754469054,7,0.009649241505
418,12/31/2017,34.3919079,7,4.913129701
419,1/7/2018,36.17784506,7,5.16826358
420,1/14/2018,33.97385214,7,4.853407448
421,1/21/2018,54.57355783,7,7.796222547
422,1/28/2018,0.6774901723,7,0.09678431032
423,2/4/2018,0,7,0
424,2/11/2018,0.01811679611,7,0.00258811373
425,2/18/2018,0.8490577089,7,0.1212939584
426,2/25/2018,71.02921334,7,10.14703048
427,3/4/2018,8.900443511,7,1.27149193
428,3/11/2018,85.72821053,7,12.24688722
429,3/18/2018,69.25046417,7,9.892923453
430,3/25/2018,0.9125534791,7,0.1303647827
431,4/1/2018,84.9553658,7,12.13648083
432,4/8/2018,12.3997141,7,1.771387729
433,4/15/2018,17.73746911,7,2.533924159
434,4/22/2018,15.80092002,7,2.257274289
435,4/29/2018,2.304338045,7,0.3291911493
436,5/6/2018,0.3182102918,7,0.04545861311
437,5/13/2018,11.00592771,7,1.572275387
438,5/20/2018,31.45492197,7,4.493560281
439,5/27/2018,0.05975498873,7,0.008536426962
440,6/3/2018,0.4257439564,7,0.0608205652
441,6/10/2018,2.425640817,7,0.3465201167
442,6/17/2018,0.2556757664,7,0.03652510949
443,6/24/2018,0,7,0
444,7/1/2018,0,7,0
445,7/8/2018,0.2157682602,7,0.03082403717
446,7/15/2018,0.2144867546,7,0.03064096494
447,7/22/2018,0.1130502662,7,0.01615003802
448,7/29/2018,0,7,0
449,8/5/2018,0,7,0
450,8/12/2018,0,7,0
451,8/19/2018,0,7,0
452,8/26/2018,0,7,0
453,9/2/2018,0,7,0
454,9/9/2018,0,7,0
455,9/16/2018,0,7,0
456,9/23/2018,5.554743853,7,0.7935348361
457,9/30/2018,33.05412855,7,4.722018365
458,10/7/2018,0.0942754656,7,0.01346792366
459,10/14/2018,0,7,0
460,10/21/2018,0.00004296251441,7,0.000006137502059
461,10/28/2018,0.0001592292061,7,0.00002274702944
462,11/4/2018,0,7,0
463,11/11/2018,0,7,0
464,11/18/2018,83.38830799,7,11.91261543
465,11/25/2018,92.53282853,7,13.2189755
466,12/2/2018,1.205298596,7,0.1721855138
467,12/9/2018,22.21995988,7,3.174279983
468,12/16/2018,82.15437207,7,11.73633887
469,12/23/2018,34.03268187,7,4.861811695
470,12/30/2018,25.41058174,7,3.630083106
471,1/6/2019,107.6987516,7,15.38553594
472,1/13/2019,144.8735441,7,20.69622059
473,1/20/2019,23.63143891,7,3.375919845
474,1/27/2019,60.83948999,7,8.691355713
475,2/3/2019,44.82413902,7,6.403448431
476,2/10/2019,143.1190295,7,20.44557564
477,2/17/2019,2.002751025,7,0.2861072892
478,2/24/2019,192.819637,7,27.54566242
479,3/3/2019,98.33804276,7,14.04829182
480,3/10/2019,0.7384843556,7,0.1054977651
481,3/17/2019,41.06099157,7,5.865855938
482,3/24/2019,90.51739443,7,12.93105635
483,3/31/2019,63.55367767,7,9.079096809
484,4/7/2019,37.41044016,7,5.344348594
485,4/14/2019,16.5972194,7,2.371031343
486,4/21/2019,0.01405636411,7,0.002008052016
487,4/28/2019,1.147542183,7,0.1639345976
488,5/5/2019,0.08640114456,7,0.01234302065
489,5/12/2019,93.5617976,7,13.36597109
490,5/19/2019,42.06504742,7,6.009292489
491,5/26/2019,17.77955096,7,2.539935852
492,6/2/2019,0.6371264976,7,0.09101807108
493,6/9/2019,0.02138617827,7,0.003055168324
494,6/16/2019,0.05066609875,7,0.007238014107
495,6/23/2019,0.2744718205,7,0.03921026007
496,6/30/2019,0,7,0
497,7/7/2019,0.02464354695,7,0.003520506706
498,7/14/2019,0,7,0
499,7/21/2019,0.000002441695329,7,0.0000003488136185
500,7/28/2019,0,7,0
501,8/4/2019,17.32240742,7,2.474629631
502,8/11/2019,0,7,0
503,8/18/2019,0.02305714968,7,0.003293878526
504,8/25/2019,0.06582772043,7,0.009403960062
505,9/1/2019,0.4737127156,7,0.06767324509
506,9/8/2019,0.4242601429,7,0.06060859185
507,9/15/2019,22.19347354,7,3.17049622
508,9/22/2019,5.912832794,7,0.8446903991
509,9/29/2019,5.456585777,7,0.7795122539
510,10/6/2019,0,7,0
511,10/13/2019,5.94936959,7,0.8499099415
512,10/20/2019,0,7,0
513,10/27/2019,0,7,0
514,11/3/2019,0,7,0
515,11/10/2019,0.0003274697317,7,0.00004678139024
516,11/17/2019,0.01426119566,7,0.002037313666
517,11/24/2019,61.57093271,7,8.79584753
518,12/1/2019,128.0712834,7,18.29589762
519,12/8/2019,52.02693726,7,7.432419608
520,12/15/2019,24.43180743,7,3.490258204
521,12/22/2019,21.59774159,7,3.085391656
522,12/29/2019,7.686597781,7,1.098085397
523,1/5/2020,17.7304411,7,2.532920157
524,1/12/2020,50.24340945,7,7.177629921
525,1/19/2020,66.41721847,7,9.488174067
526,1/26/2020,15.27578104,7,2.182254434
527,2/2/2020,0.1058533798,7,0.01512191141
528,2/9/2020,0,7,0
529,2/16/2020,0.0000572274749,7,0.000008175353557
530,2/23/2020,0.003757743208,7,0.0005368204583
531,3/1/2020,8.554025675,7,1.222003668
532,3/8/2020,8.445960253,7,1.20656575
533,3/15/2020,56.86454287,7,8.123506124
534,3/22/2020,25.81747579,7,3.688210827
535,3/29/2020,40.83831665,7,5.834045236
536,4/5/2020,23.08621518,7,3.29803074
537,4/12/2020,0.03250772759,7,0.004643961084
538,4/19/2020,0.3897876763,7,0.05568395376
539,4/26/2020,8.509703503,7,1.215671929
540,5/3/2020,0.03934632921,7,0.005620904174
541,5/10/2020,66.19260562,7,9.456086518
542,5/17/2020,47.80217494,7,6.828882134
543,5/24/2020,15.21688674,7,2.173840963
544,5/31/2020,0.7657449228,7,0.1093921318
545,6/7/2020,7.379463162,7,1.054209023
546,6/14/2020,0.1332777104,7,0.01903967292
547,6/21/2020,0.0002684553531,7,0.00003835076473
548,6/28/2020,0,7,0
549,7/5/2020,0,7,0
550,7/12/2020,0.004563157169,7,0.0006518795956
551,7/19/2020,0.9962973912,7,0.1423281987
552,7/26/2020,1.423330055,7,0.203332865
553,8/2/2020,0,7,0
554,8/9/2020,0.003120294797,7,0.0004457563995
555,8/16/2020,1.692799592,7,0.2418285132
556,8/23/2020,0.002350564014,7,0.0003357948591
557,8/30/2020,0,7,0
558,9/6/2020,0,7,0
559,9/13/2020,0,7,0
560,9/20/2020,0.000264357589,7,0.00003776536985
561,9/27/2020,0,7,0
562,10/4/2020,0.440993855,7,0.06299912215
563,10/11/2020,0.006502620452,7,0.0009289457789
564,10/18/2020,0,7,0
565,10/25/2020,0,7,0
566,11/1/2020,2.872062171,7,0.4102945959
567,11/8/2020,19.50236998,7,2.786052855
568,11/15/2020,45.70879533,7,6.529827905
569,11/22/2020,0.5114345906,7,0.07306208437
570,11/29/2020,0,7,0
571,12/6/2020,7.412648142,7,1.058949735
572,12/13/2020,39.87672314,7,5.696674734
573,12/20/2020,31.55280828,7,4.50754404
574,12/27/2020,11.65756821,7,1.665366887
575,1/3/2021,54.49877945,7,7.785539921
576,1/10/2021,21.14983707,7,3.021405295
577,1/17/2021,1.440345176,7,0.2057635966
578,1/24/2021,86.33370943,7,12.33338706
579,1/31/2021,36.56494669,7,5.223563813
580,2/7/2021,38.92913158,7,5.561304512
581,2/14/2021,28.88962918,7,4.127089883
582,2/21/2021,0.1098448882,7,0.01569212688
583,2/28/2021,11.82767571,7,1.689667959
584,3/7/2021,29.86061677,7,4.265802396
585,3/14/2021,51.71852911,7,7.388361302
586,3/21/2021,0.4150185597,7,0.05928836568
587,3/28/2021,0.00739809632,7,0.001056870903
588,4/4/2021,0,7,0
589,4/11/2021,0,7,0
590,4/18/2021,6.927083315,7,0.9895833307
591,4/25/2021,13.36787116,7,1.90969588
592,5/2/2021,0,7,0
593,5/9/2021,1.077123636,7,0.1538748052
594,5/16/2021,0.6888704335,7,0.09841006192
595,5/23/2021,0.2109481962,7,0.03013545659
596,5/30/2021,0,7,0
597,6/6/2021,1.446657198,7,0.206665314
598,6/13/2021,0.3628351163,7,0.05183358805
599,6/20/2021,0.3438090307,7,0.04911557581
600,6/27/2021,0.006025167273,7,0.0008607381818
601,7/4/2021,0.008282934519,7,0.00118327636
602,7/11/2021,0,7,0
603,7/18/2021,0,7,0
604,7/25/2021,1.302309603,7,0.186044229
605,8/1/2021,0,7,0
606,8/8/2021,0,7,0
607,8/15/2021,0,7,0
608,8/22/2021,0,7,0
609,8/29/2021,0,7,0
610,9/5/2021,10.07496221,7,1.439280316
611,9/12/2021,11.89369358,7,1.699099083
612,9/19/2021,0.3901250493,7,0.0557321499
613,9/26/2021,4.555760433,7,0.650822919
614,10/3/2021,0.02659077025,7,0.003798681464
615,10/10/2021,0.0005059828763,7,0.00007228326805
616,10/17/2021,158.7121445,7,22.6731635
617,10/24/2021,88.48654558,7,12.64093508
618,10/31/2021,51.26423803,7,7.323462576
619,11/7/2021,46.55158413,7,6.650226304
620,11/14/2021,4.524645799,7,0.6463779712
621,11/21/2021,0.01213137917,7,0.001733054167
622,11/28/2021,0.1213121606,7,0.01733030865
623,12/5/2021,24.08496719,7,3.440709599
624,12/12/2021,112.453223,7,16.06474615
625,12/19/2021,75.77230475,7,10.82461496
626,12/26/2021,23.08132151,7,3.297331644
627,1/2/2022,51.42921557,7,7.347030795
628,1/9/2022,0.04520899358,7,0.006458427654
629,1/16/2022,0,7,0
630,1/23/2022,0.02388159268,7,0.003411656097
631,1/30/2022,0.06376125244,7,0.009108750348
632,2/6/2022,0,7,0
633,2/13/2022,0.2211102421,7,0.03158717744
634,2/20/2022,0.3721587716,7,0.0531655388
635,2/27/2022,7.376107173,7,1.053729596
636,3/6/2022,1.600618024,7,0.2286597177
637,3/13/2022,16.53279441,7,2.361827773
638,3/20/2022,0.007317460457,7,0.001045351494
639,3/27/2022,7.613951153,7,1.087707308
640,4/3/2022,0.003633086705,7,0.0005190123864
641,4/10/2022,70.41200058,7,10.05885723
642,4/17/2022,52.26492128,7,7.466417326
643,4/24/2022,1.45860537,7,0.2083721956
644,5/1/2022,1.669867702,7,0.2385525288
645,5/8/2022,4.673447756,7,0.6676353937
646,5/15/2022,0.0001083627439,7,0.00001548039198
647,5/22/2022,3.778704098,7,0.5398148711
648,5/29/2022,12.32754852,7,1.76107836
649,6/5/2022,5.554908129,7,0.7935583041
650,6/12/2022,15.81063871,7,2.258662673
651,6/19/2022,0.01797962122,7,0.002568517317
652,6/26/2022,0.0857397283,7,0.01224853261
653,7/3/2022,0.962343283,7,0.1374776119
654,7/10/2022,0.03412107956,7,0.004874439937